folio,nar
F000189331,3837747377
F000189332,3837747384
F000189333,3837747391
F000189334,3837747407
F000189335,3837747411
F000189336,3837747424
F000189337,3837747439
F000189338,3837747442
F000189339,3837747451
F000189340,3837747465
F000189341,3837747479
F000189342,3837747484
F000189343,3837747499
F000189344,3837747502
F000189345,3837747511
F000189346,3837747523
F000189347,3837747539
F000189348,3837747546
F000189349,3837747551
F000189350,3837747566
F000189351,3837749195
F000189352,3837749202
F000189353,3837749212
F000189354,3837749221
F000189355,3837749233
F000189356,3837749247
F000189357,3837749258
F000189358,3837749269
F000189359,3837749279
F000189360,3837749289
F000189361,3837749292
F000189362,3837749303
F000189363,3837749311
F000189364,3837749325
F000189365,3837749339
F000189366,3837749348
F000189367,3837749356
F000189368,3837749367
F000189369,3837749372
F000189370,3837749381
F000189371,3837749395
F000189372,3837749409
F000189373,3837749419
F000189374,3837749421
F000189375,3837749434
F000189376,3837749443
F000189377,3837749455
F000189378,3837749465
F000189379,3837749474
F000189380,3837749485
F000189381,3837749499
F000189382,3837749501
F000189383,3837749513
F000189384,3837749529
F000189385,3837749535
F000189386,3837749549
F000189387,3837749556
F000189388,3837749565
F000189389,3837749578
F000189390,3837749589
F000189391,
F000189392,
F000189393,
F000189394,
F000189395,
F000189396,
F000189397,
F000189398,
F000189399,
F000189400,
F000189401,
F000189402,
F000189403,
F000189404,
F000189405,
F000189406,
F000189407,
F000189408,
F000189409,
F000189410,
F000189411,3837751106
F000189412,3837751117
F000189413,3837751129
F000189414,3837751135
F000189415,3837751145
F000189416,3837751155
F000189417,3837751162
