Folio_XML,Folio_NAR,Fuente,Estado
F000189331,3837747377,screenshot_261002_1100.png (transcrito),OK
F000189332,3837747384,screenshot_261002_1100.png (transcrito),OK
F000189333,3837747391,screenshot_261002_1100.png (transcrito),OK
F000189334,3837747407,screenshot_261002_1100.png (transcrito),OK
F000189335,3837747411,screenshot_261002_1100.png (transcrito),OK
F000189336,3837747424,screenshot_261002_1100.png (transcrito),OK
F000189337,3837747439,screenshot_261002_1100.png (transcrito),OK
F000189338,3837747442,screenshot_261002_1100.png (transcrito),OK
F000189339,3837747451,screenshot_261002_1100.png (transcrito),OK
F000189340,3837747465,screenshot_261002_1100.png (transcrito),OK
F000189341,3837747479,screenshot_261002_1100.png (transcrito),OK
F000189342,3837747484,screenshot_261002_1100.png (transcrito),OK
F000189343,3837747499,screenshot_261002_1100.png (transcrito),OK
F000189344,3837747502,screenshot_261002_1100.png (transcrito),OK
F000189345,3837747511,screenshot_261002_1100.png (transcrito),OK
F000189346,3837747523,screenshot_261002_1100.png (transcrito),OK
F000189347,3837747539,screenshot_261002_1100.png (transcrito),OK
F000189348,3837747546,screenshot_261002_1100.png (transcrito),OK
F000189349,3837747551,screenshot_261002_1100.png (transcrito),OK
F000189350,3837747566,screenshot_261002_1100.png (transcrito),OK
F000189351,3837749195,tabla_portal_261002_1600.csv,OK
F000189352,3837749202,tabla_portal_261002_1600.csv,OK
F000189353,3837749212,tabla_portal_261002_1600.csv,OK
F000189354,3837749221,tabla_portal_261002_1600.csv,OK
F000189355,3837749233,tabla_portal_261002_1600.csv,OK
F000189356,3837749247,tabla_portal_261002_1600.csv,OK
F000189357,3837749258,tabla_portal_261002_1600.csv,OK
F000189358,3837749269,tabla_portal_261002_1600.csv,OK
F000189359,3837749279,tabla_portal_261002_1600.csv,OK
F000189360,3837749289,tabla_portal_261002_1600.csv,OK
F000189361,3837749292,tabla_portal_261002_1600.csv,OK
F000189362,3837749303,tabla_portal_261002_1600.csv,OK
F000189363,3837749311,tabla_portal_261002_1600.csv,OK
F000189364,3837749325,tabla_portal_261002_1600.csv,OK
F000189365,3837749339,tabla_portal_261002_1600.csv,OK
F000189366,3837749348,tabla_portal_261002_1600.csv,OK
F000189367,3837749356,tabla_portal_261002_1600.csv,OK
F000189368,3837749367,tabla_portal_261002_1600.csv,OK
F000189369,3837749372,tabla_portal_261002_1600.csv,OK
F000189370,3837749381,tabla_portal_261002_1600.csv,OK
F000189371,3837749395,tabla_portal_261002_1600.csv,OK
F000189372,3837749409,tabla_portal_261002_1600.csv,OK
F000189373,3837749419,tabla_portal_261002_1600.csv,OK
F000189374,3837749421,tabla_portal_261002_1600.csv,OK
F000189375,3837749434,tabla_portal_261002_1600.csv,OK
F000189376,3837749443,tabla_portal_261002_1600.csv,OK
F000189377,3837749455,tabla_portal_261002_1600.csv,OK
F000189378,3837749465,tabla_portal_261002_1600.csv,OK
F000189379,3837749474,tabla_portal_261002_1600.csv,OK
F000189380,3837749485,tabla_portal_261002_1600.csv,OK
F000189381,3837749499,tabla_portal_261002_1600.csv,OK
F000189382,3837749501,tabla_portal_261002_1600.csv,OK
F000189383,3837749513,tabla_portal_261002_1600.csv,OK
F000189384,3837749529,tabla_portal_261002_1600.csv,OK
F000189385,3837749535,tabla_portal_261002_1600.csv,OK
F000189386,3837749549,tabla_portal_261002_1600.csv,OK
F000189387,3837749556,tabla_portal_261002_1600.csv,OK
F000189388,3837749565,tabla_portal_261002_1600.csv,OK
F000189389,3837749578,tabla_portal_261002_1600.csv,OK
F000189390,3837749589,tabla_portal_261002_1600.csv,OK
F000189391,,,SIN_NAR: portal respondió 'Acuse no Generado' (ya enviado antes)
F000189392,,,SIN_NAR: portal respondió 'Acuse no Generado' (ya enviado antes)
F000189393,,,SIN_NAR: portal respondió 'Acuse no Generado' (ya enviado antes)
F000189394,,,SIN_NAR: portal respondió 'Acuse no Generado' (ya enviado antes)
F000189395,,,SIN_NAR: portal respondió 'Acuse no Generado' (ya enviado antes)
F000189396,,,SIN_NAR: portal respondió 'Acuse no Generado' (ya enviado antes)
F000189397,,,SIN_NAR: portal respondió 'Acuse no Generado' (ya enviado antes)
F000189398,,,SIN_NAR: portal respondió 'Acuse no Generado' (ya enviado antes)
F000189399,,,SIN_NAR: portal respondió 'Acuse no Generado' (ya enviado antes)
F000189400,,,SIN_NAR: portal respondió 'Acuse no Generado' (ya enviado antes)
F000189401,,,SIN_NAR: portal respondió 'Acuse no Generado' (ya enviado antes)
F000189402,,,SIN_NAR: portal respondió 'Acuse no Generado' (ya enviado antes)
F000189403,,,SIN_NAR: portal respondió 'Acuse no Generado' (ya enviado antes)
F000189404,,,SIN_NAR: portal respondió 'Acuse no Generado' (ya enviado antes)
F000189405,,,SIN_NAR: portal respondió 'Acuse no Generado' (ya enviado antes)
F000189406,,,SIN_NAR: portal respondió 'Acuse no Generado' (ya enviado antes)
F000189407,,,SIN_NAR: portal respondió 'Acuse no Generado' (ya enviado antes)
F000189408,,,SIN_NAR: portal respondió 'Acuse no Generado' (ya enviado antes)
F000189409,,,SIN_NAR: portal respondió 'Acuse no Generado' (ya enviado antes)
F000189410,,,SIN_NAR: portal respondió 'Acuse no Generado' (ya enviado antes)
F000189411,3837751106,tabla_portal_261002_1800.csv,OK
F000189412,3837751117,tabla_portal_261002_1800.csv,OK
F000189413,3837751129,tabla_portal_261002_1800.csv,OK
F000189414,3837751135,tabla_portal_261002_1800.csv,OK
F000189415,3837751145,tabla_portal_261002_1800.csv,OK
F000189416,3837751155,tabla_portal_261002_1800.csv,OK
F000189417,3837751162,tabla_portal_261002_1800.csv,OK
